DILIG,EDAD,LESIVIDAD,SEXO
1,70,Muerto,Hombre
2,75,Grave,Hombre
4,72,Leve,Hombre
5,42,Leve,Hombre
9,20,Leve,Hombre
9,16,Leve,Mujer
11,10,Leve,Hombre
11,18,Leve,Hombre
13,0,Leve,Hombre
14,63,Leve,Mujer
15,0,Leve,Hombre
16,0,Leve,Mujer
16,0,Leve,Hombre
16,0,Leve,Hombre
17,27,Leve,Hombre
19,0,Leve,Hombre
19,0,Leve,Hombre
31,18,Leve,Mujer
44,19,Leve,Hombre
46,23,Leve,Hombre
47,76,Leve,Mujer
48,0,Leve,Mujer
53,0,Leve,Hombre
53,22,Leve,Hombre
54,0,Leve,Hombre
54,13,Leve,Hombre
55,19,Leve,Hombre
56,10,Leve,Mujer
64,56,Leve,Mujer
67,20,Leve,Hombre
67,20,Leve,Hombre
68,23,Leve,Mujer
68,17,Leve,Mujer
68,27,Leve,Hombre
68,21,Leve,Mujer
70,67,Leve,Hombre
74,45,Leve,Hombre
82,22,Leve,Hombre
82,19,Leve,Mujer
83,0,Leve,Hombre
90,0,Leve,Hombre
93,44,Leve,Hombre
96,42,Leve,Mujer
99,20,Leve,Mujer
103,17,Leve,Hombre
103,17,Leve,Hombre
103,17,Leve,Hombre
105,21,Leve,Mujer
105,20,Leve,Mujer
109,14,Leve,Mujer
110,18,Leve,Hombre
112,50,Leve,Mujer
117,0,Leve,Hombre
123,0,Leve,Hombre
125,27,Leve,Mujer
134,19,Leve,Hombre
134,48,Leve,Hombre
134,19,Leve,Hombre
137,49,Leve,Mujer
137,17,Leve,Hombre
138,0,Leve,Hombre
140,0,Leve,Hombre
140,0,Leve,Hombre
141,0,Leve,Mujer
160,0,Leve,Hombre
161,0,Leve,Mujer
162,32,Leve,Hombre
165,25,Leve,Hombre
165,18,Leve,Hombre
170,0,Leve,Hombre
177,32,Leve,Hombre
181,47,Leve,Hombre
188,21,Leve,Hombre
190,21,Leve,Hombre
196,0,Leve,Mujer
211,23,Leve,Hombre
212,40,Menos Grave,Hombre
212,37,Leve,Mujer
213,39,Leve,Hombre
217,0,Leve,Hombre
217,25,Leve,Hombre
217,62,Leve,Hombre
217,47,Leve,Mujer
218,20,Leve,Hombre
223,31,Leve,Mujer
227,31,Leve,Hombre
235,0,Leve,Hombre
237,0,Leve,Hombre
239,45,Leve,Hombre
240,18,Grave,Mujer
243,51,Leve,Mujer
243,43,Leve,Mujer
243,18,Leve,Hombre
248,0,Leve,Mujer
256,18,Leve,Hombre
256,22,Leve,Mujer
256,21,Leve,Hombre
256,23,Leve,Mujer
257,35,Leve,Hombre
261,1,Leve,Hombre
265,18,Leve,Mujer
265,21,Leve,Hombre
268,17,Leve,Hombre
272,17,Leve,Hombre
288,0,Leve,Hombre
288,0,Leve,Hombre
289,20,Grave,Hombre
293,37,Leve,Hombre
295,0,Leve,Mujer
305,8,Leve,Hombre
305,35,Leve,Hombre
305,1,Leve,Hombre
316,41,Leve,Mujer
322,42,Leve,Mujer
328,21,Leve,Hombre
330,0,Leve,Hombre
333,33,Leve,Hombre
335,45,Leve,Hombre
337,28,Leve,Mujer
338,29,Grave,Hombre
342,16,Leve,Hombre
352,30,Leve,Mujer
359,0,Grave,Hombre
361,10,Leve,Mujer
361,42,Leve,Hombre
367,20,Leve,Mujer
367,52,Grave,Mujer
370,0,Leve,Hombre
370,0,Leve,Hombre
378,17,Muy Grave,Hombre
381,18,Leve,Hombre
381,18,Leve,Hombre
382,10,Leve,Hombre
383,0,Leve,Hombre
383,34,Leve,Hombre
384,10,Leve,Hombre
390,0,Leve,Mujer
391,45,Leve,Hombre
391,80,Leve,Mujer
392,29,Leve,Hombre
394,0,Leve,Hombre
397,14,Leve,Mujer
398,37,Leve,Hombre
399,39,Leve,Hombre
399,0,Leve,Hombre
399,38,Leve,Hombre
402,18,Leve,Mujer
403,22,Leve,Hombre
403,19,Leve,Mujer
405,18,Leve,Hombre
406,0,Leve,Hombre
406,0,Leve,Hombre
406,20,Leve,Hombre
409,17,Leve,Hombre
416,0,Leve,Hombre
416,23,Leve,Mujer
426,20,Grave,Hombre
426,31,Leve,Mujer
426,17,Leve,Hombre
428,0,Leve,Hombre
434,25,Leve,Hombre
436,20,Leve,Hombre
442,25,Menos Grave,Mujer
443,0,Leve,Hombre
452,62,Leve,Mujer
452,27,Leve,Mujer
457,17,Leve,Mujer
458,29,Leve,Hombre
483,18,Leve,Hombre
484,34,Leve,Mujer
486,65,Leve,Hombre
488,62,Leve,Hombre
496,0,Leve,Hombre
497,0,Leve,Hombre
502,54,Leve,Mujer
502,32,Leve,Mujer
502,60,Leve,Mujer
502,42,Leve,Hombre
513,25,Leve,Hombre
513,21,Leve,Hombre
514,24,Leve,Hombre
514,23,Leve,Hombre
515,16,Leve,Mujer
515,16,Leve,Hombre
523,61,Leve,Hombre
524,25,Leve,Hombre
526,28,Leve,Hombre
528,19,Leve,Hombre
553,25,Leve,Hombre
555,19,Grave,Hombre
559,17,Leve,Hombre
561,0,Leve,Hombre
563,64,Leve,Hombre
564,0,Leve,Hombre
566,27,Leve,Hombre
567,28,Leve,Hombre
568,24,Leve,Hombre
573,36,Leve,Mujer
573,25,Leve,Hombre
574,52,Leve,Hombre
575,8,Leve,Hombre
582,62,Leve,Hombre
583,24,Leve,Hombre
583,23,Leve,Hombre
584,0,Leve,Hombre
585,0,Leve,Hombre
586,0,Leve,Hombre
587,24,Leve,Hombre
589,47,Leve,Hombre
589,41,Leve,Hombre
589,39,Leve,Mujer
590,0,Leve,Mujer
590,0,Leve,Mujer
590,0,Leve,Mujer
591,20,Leve,Hombre
592,20,Leve,Hombre
592,17,Leve,Mujer
601,0,Leve,Hombre
603,0,Grave,Mujer
603,17,Leve,Mujer
605,22,Leve,Mujer
607,28,Leve,Hombre
609,29,Leve,Hombre
610,0,Leve,Hombre
611,65,Leve,Hombre
614,17,Leve,Hombre
626,70,Leve,Hombre
628,21,Menos Grave,Hombre
628,23,Menos Grave,Hombre
629,23,Leve,Hombre
629,24,Leve,Hombre
629,52,Leve,Mujer
630,0,Leve,Hombre
636,24,Leve,Hombre
638,0,Leve,Hombre
646,64,Grave,Mujer
647,33,Leve,Hombre
654,0,Leve,Hombre
670,41,Leve,Mujer
681,0,Leve,Hombre
681,0,Leve,Hombre
681,0,Leve,Hombre
681,46,Leve,Mujer
681,0,Leve,Hombre
681,28,Leve,Hombre
682,38,Leve,Hombre
689,79,Leve,Hombre
689,65,Leve,Hombre
691,21,Leve,Hombre
692,52,Leve,Mujer
693,24,Leve,Hombre
695,18,Leve,Hombre
700,0,Leve,Hombre
700,0,Leve,Hombre
703,18,Leve,Mujer
713,22,Leve,Hombre
718,31,Leve,Hombre
723,0,Leve,Hombre
724,49,Leve,Hombre
735,0,Leve,Hombre
735,0,Leve,Mujer
736,0,Grave,Hombre
737,21,Leve,Hombre
737,0,Leve,Hombre
739,5,Leve,Hombre
739,38,Leve,Mujer
744,53,Leve,Hombre
744,38,Leve,Hombre
745,20,Leve,Hombre
751,11,Leve,Hombre
753,21,Leve,Hombre
760,0,Leve,Hombre
761,39,Leve,Hombre
764,63,Leve,Mujer
767,31,Leve,Mujer
770,33,Leve,Hombre
770,0,Leve,Hombre
776,75,Leve,Hombre
777,27,Grave,Mujer
778,18,Leve,Mujer
791,0,Leve,Hombre
795,0,Leve,Hombre
796,20,Leve,Hombre
797,0,Leve,Mujer
798,18,Leve,Hombre
800,51,Leve,Mujer
801,15,Leve,Hombre
803,0,Leve,Hombre
803,0,Leve,Hombre
804,21,Leve,Hombre
810,0,Leve,Hombre
816,26,Leve,Hombre
817,19,Leve,Mujer
817,21,Leve,Hombre
818,24,Leve,Hombre
819,17,Leve,Hombre
827,31,Leve,Mujer
829,0,Leve,Hombre
834,10,Leve,Mujer
835,28,Leve,Hombre
836,24,Leve,Hombre
839,19,Leve,Hombre
841,0,Leve,Hombre
842,17,Leve,Hombre
843,0,Leve,Mujer
844,17,Leve,Hombre
854,0,Leve,Mujer
854,0,Leve,Hombre
854,60,Leve,Hombre
854,37,Leve,Hombre
854,0,Leve,Hombre
854,51,Leve,Mujer
854,45,Leve,Mujer
854,0,Leve,Mujer
857,26,Leve,Mujer
857,36,Leve,Mujer
857,38,Leve,Hombre
863,45,Leve,Mujer
863,17,Leve,Mujer
867,84,Leve,Hombre
872,0,Leve,Hombre
874,22,Leve,Hombre
875,48,Leve,Hombre
875,26,Leve,Hombre
875,36,Leve,Mujer
876,21,Leve,Hombre
877,24,Leve,Hombre
880,25,Leve,Mujer
883,31,Leve,Hombre
883,0,Leve,Mujer
908,17,Leve,Hombre
908,17,Leve,Hombre
910,55,Menos Grave,Mujer
912,22,Leve,Mujer
913,17,Leve,Hombre
915,40,Leve,Mujer
918,14,Leve,Mujer
920,39,Leve,Hombre
921,25,Grave,Hombre
942,0,Leve,Mujer
945,29,Leve,Hombre
946,70,Leve,Hombre
952,0,Leve,Hombre
955,0,Leve,Hombre
963,17,Leve,Hombre
966,18,Leve,Hombre
968,18,Leve,Hombre
969,25,Menos Grave,Hombre
975,0,Leve,Hombre
978,47,Leve,Hombre
992,0,Leve,Hombre
992,0,Leve,Hombre
994,21,Leve,Hombre
996,0,Leve,Hombre
999,20,Leve,Hombre
999,23,Leve,Mujer
1000,31,Leve,Mujer
1003,14,Leve,Hombre
1004,24,Leve,Mujer
1005,32,Leve,Mujer
1009,51,Leve,Hombre
1011,18,Leve,Hombre
1013,0,Leve,Hombre
1015,18,Leve,Hombre
1024,26,Leve,Hombre
1027,67,Leve,Hombre
1029,0,Leve,Hombre
1030,39,Leve,Hombre
1031,26,Leve,Hombre
1032,28,Leve,Hombre
1034,34,Leve,Mujer
1034,2,Leve,Hombre
1035,39,Leve,Hombre
1036,0,Leve,Hombre
1040,0,Leve,Mujer
1045,52,Leve,Mujer
1046,19,Leve,Hombre
1048,49,Leve,Hombre
1049,19,Leve,Mujer
1049,21,Leve,Hombre
1052,0,Leve,Hombre
1054,22,Grave,Hombre
1054,25,Leve,Hombre
1071,38,Leve,Hombre
1072,42,Leve,Hombre
1072,0,Leve,Hombre
1073,23,Leve,Hombre
1074,72,Leve,Hombre
1075,19,Leve,Mujer
1076,38,Leve,Mujer
1076,29,Leve,Hombre
1076,30,Leve,Hombre
1084,0,Leve,Hombre
1084,0,Leve,Hombre
1086,7,Leve,Hombre
1086,17,Leve,Hombre
1087,0,Leve,Hombre
1088,57,Leve,Hombre
1088,53,Leve,Hombre
1090,29,Leve,Hombre
1090,20,Grave,Mujer
1096,20,Leve,Mujer
1096,26,Leve,Hombre
1098,22,Leve,Hombre
1100,61,Leve,Hombre
1109,18,Leve,Hombre
1149,19,Leve,Hombre
1151,38,Leve,Mujer
1156,0,Leve,Hombre
1158,0,Leve,Hombre
1159,12,Leve,Mujer
1163,21,Leve,Hombre
1165,7,Leve,Mujer
1165,22,Leve,Mujer
1167,19,Leve,Hombre
1171,0,Leve,Hombre
1197,21,Leve,Hombre
1198,17,Leve,Mujer
1199,0,Leve,Mujer
1199,18,Leve,Hombre
1203,19,Leve,Hombre
1205,25,Leve,Hombre
1205,0,Leve,Mujer
1210,0,Leve,Hombre
1211,72,Leve,Mujer
1212,0,Leve,Mujer
1213,19,Leve,Hombre
1218,31,Leve,Hombre
1219,22,Leve,Mujer
1220,0,Leve,Hombre
1220,0,Leve,Hombre
1221,0,Leve,Mujer
1222,0,Leve,Hombre
1222,20,Leve,Hombre
1225,20,Leve,Hombre
1228,25,Leve,Mujer
1230,0,Leve,Mujer
1234,35,Leve,Mujer
1234,26,Leve,Mujer
1245,17,Leve,Mujer
1245,10,Leve,Mujer
1250,21,Leve,Hombre
1251,32,Leve,Mujer
1252,16,Leve,Hombre
1253,27,Leve,Hombre
1254,22,Leve,Hombre
1254,23,Leve,Hombre
1255,22,Leve,Hombre
1256,18,Leve,Hombre
1257,63,Leve,Hombre
1258,18,Grave,Hombre
1260,0,Leve,Hombre
1260,50,Leve,Hombre
1260,19,Leve,Hombre
1261,22,Leve,Mujer
1262,20,Leve,Hombre
1265,58,Leve,Hombre
1267,34,Leve,Mujer
1268,0,Leve,Hombre
1275,0,Leve,Hombre
1276,22,Leve,Hombre
1283,22,Leve,Hombre
1289,20,Leve,Mujer
1289,21,Leve,Hombre
1293,0,Leve,Hombre
1293,24,Leve,Hombre
1301,19,Menos Grave,Hombre
1302,81,Leve,Hombre
1307,49,Leve,Hombre
1309,22,Leve,Hombre
1310,33,Leve,Hombre
1310,45,Leve,Hombre
1317,32,Leve,Hombre
1328,0,Leve,Hombre
1330,39,Leve,Mujer
1330,24,Leve,Mujer
1332,16,Leve,Hombre
1332,18,Leve,Hombre
1353,20,Leve,Mujer
1354,0,Leve,Hombre
1355,45,Leve,Mujer
1358,36,Leve,Mujer
1363,36,Leve,Mujer
1366,9,Leve,Hombre
1377,14,Leve,Hombre
1378,37,Leve,Hombre
1379,5,Muy Grave,Hombre
1381,0,Leve,Hombre
1387,30,Leve,Mujer
1387,23,Leve,Mujer
1387,57,Leve,Mujer
1390,8,Leve,Hombre
1397,20,Leve,Hombre
1397,19,Leve,Mujer
1405,0,Leve,Mujer
1405,0,Leve,Mujer
1405,0,Leve,Mujer
1405,0,Leve,Mujer
1411,23,Leve,Hombre
1414,0,Leve,Hombre
1415,0,Leve,Mujer
1416,21,Grave,Hombre
1418,60,Leve,Mujer
1418,86,Leve,Mujer
1418,61,Leve,Mujer
1419,21,Leve,Hombre
1420,33,Leve,Mujer
1421,0,Leve,Hombre
1422,7,Leve,Hombre
1424,0,Leve,Hombre
1430,19,Leve,Mujer
1431,18,Leve,Hombre
1432,20,Leve,Hombre
1434,39,Leve,Hombre
1436,61,Leve,Mujer
1437,27,Leve,Hombre
1441,16,Grave,Mujer
1441,19,Menos Grave,Hombre
1449,34,Leve,Hombre
1451,18,Leve,Mujer
1454,0,Leve,Hombre
1460,58,Menos Grave,Hombre
1461,21,Leve,Mujer
1462,19,Leve,Hombre
1465,18,Leve,Hombre
1466,42,Leve,Mujer
1469,44,Leve,Hombre
1469,41,Leve,Mujer
1469,47,Leve,Mujer
1470,18,Leve,Hombre
1471,39,Leve,Mujer
1471,57,Leve,Hombre
1471,29,Leve,Hombre
1472,9,Leve,Mujer
1472,23,Leve,Mujer
1472,31,Leve,Mujer
1473,0,Leve,Hombre
1477,0,Leve,Hombre
1480,30,Leve,Hombre
1494,20,Leve,Mujer
1494,18,Leve,Mujer
1496,25,Leve,Hombre
1497,54,Leve,Hombre
1498,58,Leve,Mujer
1499,0,Leve,Hombre
1499,0,Leve,Hombre
1499,0,Leve,Hombre
1499,0,Leve,Hombre
1502,36,Leve,Hombre
1513,35,Leve,Hombre
1513,49,Leve,Hombre
1530,27,Leve,Hombre
1536,15,Menos Grave,Mujer
1539,34,Leve,Mujer
1541,19,Leve,Hombre
1542,19,Leve,Hombre
1544,24,Leve,Mujer
1545,0,Leve,Hombre
1547,22,Leve,Hombre
1548,37,Leve,Hombre
1549,0,Leve,Hombre
1549,24,Leve,Hombre
1550,0,Leve,Hombre
1551,0,Leve,Hombre
1552,21,Leve,Hombre
1554,20,Leve,Hombre
1563,19,Leve,Hombre
1564,0,Leve,Hombre
1567,0,Leve,Hombre
1569,4,Leve,Hombre
1575,55,Grave,Hombre
1593,0,Leve,Hombre
1603,5,Leve,Hombre
1606,22,Leve,Hombre
1608,24,Leve,Hombre
1614,27,Leve,Mujer
1617,36,Grave,Mujer
1617,18,Grave,Mujer
1628,0,Leve,Mujer
1629,0,Leve,Mujer
1630,0,Leve,Hombre
1631,27,Leve,Hombre
1632,21,Leve,Hombre
1636,17,Grave,Mujer
1636,19,Grave,Hombre
1640,26,Leve,Mujer
1659,30,Leve,Hombre
1663,0,Leve,Hombre
1664,0,Leve,Mujer
1666,35,Leve,Mujer
1666,75,Leve,Mujer
1672,0,Leve,Hombre
1672,0,Leve,Hombre
1676,35,Leve,Mujer
1685,31,Leve,Hombre
1689,27,Leve,Hombre
1691,58,Leve,Mujer
1691,58,Leve,Hombre
1693,0,Leve,Mujer
1695,27,Leve,Hombre
1695,37,Leve,Mujer
1696,0,Leve,Hombre
1698,16,Leve,Hombre
1699,23,Leve,Hombre
1699,21,Leve,Hombre
1704,19,Leve,Hombre
1710,40,Leve,Hombre
1712,26,Leve,Hombre
1715,32,Leve,Hombre
1724,71,Leve,Mujer
1728,32,Leve,Mujer
1729,20,Leve,Hombre
1730,0,Leve,Mujer
1734,0,Leve,Hombre
1744,28,Leve,Hombre
1746,29,Leve,Hombre
1752,23,Grave,Hombre
1755,13,Grave,Hombre
1762,0,Leve,Hombre
1766,24,Leve,Mujer
1766,20,Leve,Hombre
1766,16,Leve,Mujer
1766,16,Leve,Mujer
1766,30,Leve,Hombre
1766,25,Leve,Mujer
1766,23,Leve,Hombre
1767,28,Leve,Mujer
1768,29,Leve,Hombre
1768,24,Leve,Mujer
1771,58,Leve,Mujer
1773,82,Leve,Hombre
1776,33,Leve,Hombre
1777,16,Leve,Hombre
1780,48,Muerto,Hombre
1782,10,Leve,Hombre
1783,19,Leve,Hombre
1783,17,Leve,Hombre
1785,16,Grave,Mujer
1785,16,Menos Grave,Mujer
1785,16,Leve,Mujer
1786,0,Leve,Mujer
1789,22,Muerto,Hombre
1792,0,Leve,Hombre
1796,1,Leve,Hombre
1798,53,Leve,Hombre
1799,35,Leve,Mujer
1803,0,Leve,Hombre
1804,11,Leve,Hombre
1809,0,Leve,Hombre
1809,0,Leve,Mujer
1809,0,Leve,Mujer
1809,0,Leve,Mujer
1845,51,Leve,Hombre
1846,31,Leve,Hombre
1847,17,Leve,Hombre
1848,35,Leve,Mujer
1850,26,Grave,Mujer
1855,18,Leve,Hombre
1857,54,Leve,Mujer
1865,20,Leve,Hombre
1867,77,Leve,Hombre
1883,35,Leve,Mujer
1889,61,Leve,Mujer
1895,0,Leve,Hombre
1895,0,Leve,Mujer
1902,55,Leve,Mujer
1903,17,Leve,Hombre
1903,18,Leve,Hombre
1905,67,Grave,Hombre
1906,17,Leve,Hombre
1906,20,Leve,Hombre
1907,54,Leve,Hombre
1907,0,Leve,Hombre
1908,0,Leve,Hombre
1910,20,Leve,Hombre
1913,0,Leve,Hombre
1920,20,Leve,Hombre
1936,0,Leve,Hombre
1938,0,Leve,Hombre
1939,28,Leve,Hombre
1940,2,Leve,Hombre
1952,26,Leve,Hombre
1953,37,Leve,Mujer
1956,22,Leve,Hombre
1958,24,Leve,Hombre
1958,35,Leve,Hombre
1960,0,Leve,Hombre
1960,0,Grave,Mujer
1965,40,Leve,Hombre
1967,30,Leve,Mujer
1973,31,Leve,Hombre
1973,18,Leve,Hombre
1974,29,Leve,Hombre
1988,0,Leve,Hombre
1988,0,Leve,Hombre
1997,23,Leve,Hombre
1998,35,Leve,Hombre
1999,37,Leve,Hombre
2000,18,Leve,Hombre
2009,20,Leve,Hombre
2011,0,Leve,Hombre
2014,19,Leve,Hombre
2017,72,Leve,Hombre
2025,0,Leve,Hombre
2029,40,Leve,Mujer
2030,17,Leve,Hombre
2036,17,Leve,Hombre
2037,53,Leve,Mujer
2043,22,Grave,Hombre
2045,21,Leve,Hombre
2046,0,Muerto,Hombre
2049,56,Leve,Hombre
2051,20,Leve,Hombre
2052,20,Leve,Mujer
2058,70,Grave,Hombre
2059,60,Leve,Mujer
2064,48,Leve,Mujer
2073,0,Leve,Mujer
2073,25,Leve,Hombre
2076,14,Leve,Mujer
2078,34,Leve,Hombre
2079,0,Leve,Hombre
2080,0,Leve,Hombre
2080,28,Leve,Hombre
2084,22,Leve,Mujer
2086,21,Leve,Mujer
2088,20,Leve,Hombre
2090,17,Leve,Mujer
2090,79,Leve,Mujer
2092,17,Leve,Hombre
2093,23,Leve,Hombre
2096,24,Leve,Hombre
2097,3,Leve,Hombre
2100,25,Leve,Mujer
2100,25,Leve,Mujer
2102,22,Leve,Hombre
2109,31,Leve,Mujer
2111,0,Leve,Hombre
2112,29,Leve,Hombre
2125,49,Leve,Mujer
2126,19,Leve,Hombre
2136,19,Leve,Hombre
2145,59,Leve,Hombre
2146,40,Leve,Mujer
2152,31,Leve,Mujer
2153,70,Leve,Mujer
2155,68,Leve,Hombre
2156,0,Leve,Hombre
2157,19,Leve,Hombre
2158,27,Leve,Mujer
2160,0,Leve,Mujer
2163,0,Leve,Hombre
2163,24,Leve,Hombre
2167,35,Leve,Hombre
2170,48,Leve,Hombre
2182,17,Leve,Mujer
2182,17,Leve,Hombre
2184,0,Leve,Mujer
2186,29,Leve,Hombre
2187,38,Grave,Hombre
2188,51,Leve,Mujer
2198,0,Grave,Hombre
2199,21,Leve,Hombre
2200,19,Leve,Hombre
2201,30,Leve,Hombre
2212,21,Leve,Hombre
2213,0,Leve,Hombre
2214,38,Leve,Hombre
2218,45,Leve,Hombre
2219,40,Leve,Hombre
2223,19,Leve,Mujer
2223,28,Leve,Hombre
2234,27,Leve,Hombre
2243,46,Leve,Mujer
2247,22,Leve,Hombre
2251,70,Leve,Hombre
2255,0,Leve,Hombre
2260,20,Leve,Hombre
2260,37,Leve,Hombre
2262,27,Leve,Mujer
2275,17,Leve,Mujer
2277,72,Grave,Hombre
2278,20,Leve,Hombre
2283,17,Grave,Hombre
2286,7,Leve,Hombre
2286,74,Leve,Hombre
2290,23,Leve,Hombre
2293,44,Leve,Hombre
2293,3,Leve,Mujer
2295,0,Leve,Hombre
2296,0,Leve,Hombre
2299,0,Leve,Mujer
2299,19,Leve,Mujer
2311,17,Leve,Mujer
2312,17,Leve,Hombre
2313,10,Leve,Mujer
2313,43,Leve,Mujer
2313,6,Leve,Mujer
2346,0,Leve,Hombre
2346,55,Leve,Mujer
2346,52,Leve,Mujer
2349,28,Leve,Hombre
2351,0,Leve,Mujer
2351,50,Leve,Mujer
2357,22,Leve,Hombre
2357,0,Leve,Hombre
2358,55,Leve,Hombre
2362,60,Leve,Mujer
2370,22,Grave,Hombre
2371,0,Leve,Hombre
2374,0,Leve,Hombre
2377,32,Leve,Hombre
2377,32,Leve,Hombre
2382,73,Leve,Hombre
2384,33,Leve,Mujer
2389,85,Leve,Hombre
2395,21,Leve,Hombre
2407,0,Leve,Hombre
2412,0,Leve,Mujer
2414,70,Leve,Hombre
2425,21,Leve,Hombre
2426,17,Leve,Hombre
2427,19,Leve,Mujer
2434,20,Leve,Hombre
2455,29,Leve,Mujer
2458,0,Leve,Mujer
2469,20,Leve,Mujer
2470,0,Leve,Mujer
2472,17,Leve,Hombre
2476,14,Leve,Mujer
2477,41,Leve,Hombre
2477,66,Leve,Mujer
2479,50,Leve,Hombre
2484,0,Leve,Hombre
2486,22,Leve,Hombre
2486,0,Leve,Hombre
2488,0,Leve,Hombre
2497,19,Leve,Mujer
2498,18,Leve,Hombre
2500,19,Leve,Hombre
2502,0,Leve,Hombre
2503,37,Leve,Hombre
2508,25,Grave,Hombre
2523,0,Leve,Hombre
2526,0,Grave,Hombre
2527,26,Grave,Hombre
2528,53,Leve,Hombre
2538,0,Leve,Hombre
2540,24,Leve,Hombre
2545,49,Leve,Hombre
2548,62,Leve,Hombre
2551,28,Leve,Hombre
2551,25,Leve,Hombre
2554,21,Leve,Hombre
2556,29,Leve,Hombre
2556,33,Leve,Hombre
2559,28,Leve,Hombre
2559,5,Leve,Mujer
2567,68,Leve,Hombre
2573,19,Leve,Hombre
2591,0,Leve,Hombre
2611,0,Leve,Mujer
2612,38,Leve,Mujer
2612,40,Leve,Mujer
2612,29,Leve,Mujer
2613,30,Leve,Mujer
2613,29,Leve,Hombre
2618,31,Leve,Hombre
2619,21,Leve,Hombre
2622,0,Leve,Hombre
2627,27,Leve,Hombre
2630,16,Leve,Hombre
2630,43,Leve,Mujer
2632,80,Leve,Hombre
2634,7,Leve,Hombre
2642,54,Leve,Hombre
2643,17,Leve,Hombre
2645,58,Leve,Mujer
2645,1,Leve,Hombre
2645,47,Leve,Hombre
2646,31,Muy Grave,Hombre
2646,24,Leve,Hombre
2649,65,Leve,Hombre
2651,34,Leve,Mujer
2654,0,Leve,Hombre
2654,22,Leve,Hombre
2655,22,Leve,Mujer
2656,35,Leve,Mujer
2662,32,Leve,Hombre
2662,17,Leve,Mujer
2664,38,Leve,Hombre
2664,0,Leve,Mujer
2665,0,Leve,Hombre
2666,41,Leve,Hombre
2666,28,Leve,Mujer
2667,21,Leve,Hombre
2669,22,Leve,Hombre
2669,64,Leve,Mujer
2673,33,Leve,Hombre
2674,0,Leve,Mujer
2675,18,Leve,Hombre
2675,20,Leve,Hombre
2676,18,Leve,Mujer
2676,22,Leve,Hombre
2698,13,Leve,Mujer
2698,13,Leve,Hombre
2698,32,Leve,Mujer
2701,18,Leve,Mujer
2705,0,Leve,Mujer
2709,29,Leve,Hombre
2711,39,Grave,Mujer
2713,0,Leve,Hombre
2713,0,Leve,Hombre
2713,44,Leve,Hombre
2714,0,Leve,Hombre
2723,47,Muerto,Mujer
2725,18,Leve,Hombre
2726,58,Leve,Hombre
2730,39,Leve,Hombre
2731,0,Leve,Hombre
2736,0,Leve,Hombre
2743,20,Leve,Hombre
2743,32,Leve,Hombre
2746,50,Leve,Mujer
2749,26,Leve,Hombre
2749,19,Leve,Hombre
2749,56,Leve,Hombre
2752,32,Leve,Hombre
2755,0,Leve,Hombre
2757,0,Leve,Hombre
2774,34,Leve,Mujer
2778,29,Leve,Hombre
2786,0,Leve,Hombre
2787,0,Leve,Hombre
2791,0,Leve,Hombre
2791,21,Leve,Hombre
2794,0,Leve,Hombre
2795,18,Leve,Hombre
2800,31,Leve,Hombre
2801,26,Leve,Mujer
2814,45,Leve,Mujer
2821,0,Leve,Hombre
2822,38,Leve,Hombre
2834,0,Leve,Hombre
2842,56,Leve,Mujer
2842,49,Leve,Hombre
2842,48,Leve,Mujer
2852,38,Leve,Hombre
2853,17,Leve,Hombre
2855,25,Leve,Mujer
2862,33,Grave,Hombre
2868,59,Leve,Mujer
2869,0,Leve,Hombre
2870,60,Leve,Hombre
2876,43,Leve,Mujer
2893,0,Leve,Mujer
2896,31,Leve,Hombre
2897,6,Leve,Hombre
2906,22,Leve,Hombre
2906,35,Leve,Hombre
2911,0,Leve,Hombre
2912,29,Leve,Mujer
2912,24,Leve,Hombre
2913,68,Leve,Hombre
2915,22,Leve,Hombre
2917,39,Leve,Hombre
2925,16,Leve,Hombre
2926,36,Leve,Mujer
2926,21,Leve,Hombre
2927,62,Leve,Hombre
2930,17,Leve,Hombre
2931,18,Leve,Hombre
2933,10,Leve,Hombre
2937,27,Leve,Hombre
2942,41,Leve,Hombre
2942,0,Leve,Hombre
2965,33,Leve,Hombre
2966,21,Leve,Hombre
2968,4,Leve,Hombre
2968,17,Muerto,Hombre
2969,48,Leve,Hombre
2970,24,Leve,Hombre
2975,21,Leve,Hombre
2978,20,Leve,Hombre
2981,20,Leve,Hombre
2994,17,Leve,Mujer
2994,21,Leve,Mujer
2996,28,Grave,Hombre
3004,0,Leve,Hombre
3008,26,Leve,Hombre
3017,27,Leve,Hombre
3019,0,Leve,Hombre
3028,17,Leve,Hombre
3029,0,Grave,Hombre
3035,20,Leve,Hombre
3038,31,Leve,Mujer
3042,58,Leve,Mujer
3042,63,Leve,Mujer
3045,29,Leve,Mujer
3047,14,Leve,Hombre
3048,20,Leve,Mujer
3049,0,Leve,Mujer
3054,0,Leve,Hombre
3059,18,Leve,Mujer
3060,13,Leve,Hombre
3062,33,Leve,Mujer
3063,74,Leve,Mujer
3066,0,Leve,Mujer
3067,64,Leve,Mujer
3067,35,Leve,Hombre
3071,27,Leve,Hombre
3071,13,Leve,Mujer
3071,19,Leve,Mujer
3088,0,Leve,Hombre
3090,28,Leve,Hombre
3091,0,Leve,Hombre
3097,25,Leve,Hombre
3097,0,Leve,Mujer
3101,0,Leve,Hombre
3102,18,Leve,Hombre
3102,17,Leve,Hombre
3102,17,Leve,Hombre
3102,17,Leve,Hombre
3118,18,Leve,Hombre
3119,0,Leve,Hombre
3119,0,Leve,Mujer
3120,67,Leve,Hombre
3121,31,Leve,Mujer
3122,21,Leve,Hombre
3124,17,Leve,Hombre
3125,64,Leve,Hombre
3142,22,Leve,Hombre
3143,0,Leve,Hombre
3155,30,Leve,Hombre
3157,0,Leve,Hombre
3158,33,Grave,Mujer
3161,33,Leve,Hombre
3162,78,Grave,Hombre
3168,19,Leve,Mujer
3171,17,Leve,Hombre
3172,19,Leve,Mujer
3172,0,Leve,Hombre
3174,49,Leve,Hombre
3177,23,Leve,Hombre
3179,0,Leve,Mujer
3179,0,Leve,Mujer
3179,0,Leve,Mujer
3179,0,Leve,Mujer
3181,24,Leve,Hombre
3183,70,Leve,Hombre
3183,76,Leve,Hombre
3190,0,Leve,Hombre
3191,0,Leve,Hombre
3192,0,Leve,Hombre
3197,43,Leve,Mujer
3198,28,Leve,Hombre
3201,42,Leve,Hombre
3205,57,Leve,Hombre
3210,52,Leve,Hombre
3222,19,Leve,Hombre
3225,0,Leve,Hombre
3228,21,Leve,Hombre
3229,18,Leve,Hombre
3231,48,Leve,Mujer
3233,0,Leve,Hombre
3248,0,Leve,Hombre
3248,0,Leve,Mujer
3251,18,Leve,Hombre
3254,30,Leve,Hombre
3256,21,Leve,Hombre
3256,17,Leve,Hombre
3257,23,Leve,Mujer
3258,17,Leve,Hombre
3258,19,Leve,Mujer
3264,0,Leve,Hombre
3264,22,Leve,Mujer
3265,0,Leve,Hombre
3265,14,Leve,Hombre
3267,29,Leve,Hombre
3271,12,Leve,Hombre
3271,32,Leve,Mujer
3271,38,Leve,Hombre
3305,19,Leve,Hombre
3308,0,Leve,Hombre
3312,19,Leve,Hombre
3313,47,Leve,Hombre
3319,20,Leve,Hombre
3320,44,Leve,Hombre
3323,19,Leve,Hombre
3324,38,Leve,Hombre
3329,2,Leve,Hombre
3329,3,Leve,Hombre
3329,0,Leve,Hombre
3330,0,Leve,Hombre
3330,14,Grave,Hombre
3333,32,Leve,Mujer
3337,22,Leve,Hombre
3340,0,Leve,Hombre
3354,72,Leve,Mujer
3360,7,Muy Grave,Hombre
3361,23,Leve,Mujer
3364,69,Leve,Mujer
3364,39,Leve,Hombre
3365,91,Leve,Hombre
3367,35,Grave,Hombre
3381,0,Leve,Hombre
3385,58,Leve,Hombre
3386,21,Leve,Hombre
3386,0,Leve,Hombre
3387,32,Leve,Hombre
3387,32,Leve,Hombre
3394,20,Leve,Hombre
3404,36,Leve,Hombre
3409,29,Leve,Hombre
3410,29,Leve,Hombre
3412,18,Leve,Hombre
3413,19,Leve,Hombre
3414,18,Leve,Hombre
3416,22,Leve,Hombre
3417,32,Leve,Hombre
3419,23,Leve,Hombre
3428,18,Leve,Hombre
3431,18,Leve,Mujer
3434,21,Leve,Hombre
3447,21,Leve,Hombre
3449,53,Leve,Hombre
3450,23,Leve,Mujer
3455,22,Grave,Hombre
3456,17,Leve,Mujer
3456,16,Leve,Mujer
3461,12,Leve,Hombre
3465,22,Leve,Hombre
3468,19,Leve,Hombre
3473,0,Leve,Hombre
3473,0,Leve,Hombre
3479,20,Leve,Hombre
3480,53,Leve,Hombre
3490,30,Leve,Mujer
3507,18,Leve,Hombre
3507,17,Leve,Mujer
3512,42,Leve,Hombre
3512,38,Leve,Hombre
3514,39,Leve,Hombre
3515,0,Leve,Mujer
3516,0,Leve,Hombre
3530,0,Leve,Hombre
3531,34,Leve,Hombre
3532,19,Leve,Hombre
3535,25,Leve,Hombre
3538,25,Leve,Hombre
3539,21,Leve,Hombre
3580,0,Leve,Hombre
3582,0,Leve,Mujer
3594,21,Muerto,Hombre
3594,22,Grave,Hombre
3597,19,Leve,Hombre
3598,28,Leve,Hombre
3602,35,Leve,Hombre
3602,28,Leve,Mujer
3603,14,Leve,Hombre
3610,17,Leve,Hombre
3612,22,Leve,Hombre
3624,0,Leve,Mujer
3625,21,Leve,Hombre
3634,19,Leve,Hombre
3641,24,Muy Grave,Hombre
3641,35,Leve,Hombre
3646,21,Leve,Mujer
3647,48,Grave,Hombre
3648,19,Leve,Hombre
3649,39,Leve,Hombre
3649,62,Leve,Hombre
3651,69,Leve,Mujer
3654,30,Leve,Hombre
3656,19,Leve,Hombre
3657,25,Leve,Mujer
3658,19,Leve,Hombre
3658,19,Leve,Mujer
3659,36,Leve,Hombre
3660,29,Muerto,Hombre
3664,20,Leve,Hombre
3665,56,Leve,Mujer
3667,0,Leve,Hombre
3673,0,Leve,Hombre
3673,0,Leve,Hombre
3673,0,Leve,Hombre
3681,0,Leve,Hombre
3683,20,Leve,Hombre
3684,11,Leve,Hombre
3686,19,Leve,Hombre
3688,5,Grave,Mujer
3689,32,Leve,Hombre
3694,0,Leve,Hombre
3695,20,Leve,Hombre
3702,20,Leve,Hombre
3703,0,Leve,Hombre
3704,20,Leve,Hombre
3705,15,Leve,Hombre
3705,30,Leve,Hombre
3707,46,Leve,Hombre
3715,53,Leve,Hombre
3715,0,Leve,Mujer
3715,6,Leve,Mujer
3716,45,Leve,Hombre
3720,0,Leve,Hombre
3721,34,Leve,Mujer
3721,55,Leve,Hombre
3722,0,Leve,Hombre
3724,51,Leve,Hombre
3728,0,Leve,Hombre
3736,0,Leve,Hombre
3737,18,Leve,Hombre
3737,18,Leve,Mujer
3742,21,Leve,Hombre
3749,71,Leve,Hombre
3750,0,Grave,Hombre
3751,25,Menos Grave,Hombre
3752,47,Leve,Hombre
3754,20,Leve,Hombre
3754,19,Leve,Hombre
3754,0,Leve,Hombre
3757,30,Leve,Hombre
3763,17,Leve,Hombre
3764,22,Leve,Hombre
3768,43,Leve,Mujer
3770,40,Leve,Hombre
3770,20,Leve,Mujer
3773,0,Leve,Hombre
3773,0,Leve,Hombre
3777,20,Leve,Hombre
3780,18,Leve,Hombre
3781,33,Leve,Hombre
3782,14,Leve,Hombre
3784,51,Leve,Hombre
3792,19,Leve,Hombre
3795,30,Leve,Hombre
3801,5,Leve,Hombre
3801,4,Leve,Hombre
3801,18,Leve,Hombre
3801,28,Leve,Mujer
3806,23,Leve,Hombre
3807,29,Leve,Hombre
3808,20,Leve,Hombre
3809,0,Leve,Hombre
3810,30,Leve,Mujer
3816,34,Leve,Hombre
3816,50,Leve,Hombre
3825,18,Grave,Mujer
3831,67,Leve,Mujer
3831,65,Leve,Hombre
3836,0,Leve,Hombre
3843,46,Leve,Hombre
3847,23,Leve,Mujer
3848,20,Leve,Hombre
3862,20,Leve,Hombre
3862,54,Leve,Hombre
3862,59,Leve,Mujer
3862,21,Leve,Hombre
3867,0,Leve,Hombre
3868,56,Leve,Hombre
3869,18,Leve,Hombre
3872,28,Leve,Hombre
3873,18,Leve,Hombre
3874,30,Leve,Hombre
3875,56,Leve,Hombre
3876,16,Leve,Mujer
3878,53,Leve,Mujer
3878,71,Leve,Mujer
3882,33,Leve,Mujer
3888,0,Leve,Mujer
3888,0,Leve,Mujer
3889,15,Leve,Hombre
3889,17,Leve,Hombre
3889,17,Leve,Mujer
3890,34,Leve,Hombre
3897,21,Leve,Hombre
3899,37,Leve,Hombre
3899,25,Leve,Hombre
3901,7,Leve,Mujer
3901,25,Leve,Mujer
3905,16,Leve,Hombre
3908,25,Leve,Hombre
3908,23,Leve,Mujer
3913,0,Leve,Hombre
3918,29,Leve,Hombre
3918,43,Leve,Hombre
3918,35,Leve,Mujer
3918,29,Leve,Mujer
3922,77,Leve,Hombre
3931,52,Leve,Hombre
3934,27,Leve,Mujer
3935,20,Leve,Mujer
3938,42,Leve,Hombre
3956,27,Leve,Mujer
3956,25,Leve,Hombre
3961,0,Leve,Mujer
3962,0,Leve,Hombre
3965,24,Leve,Mujer
3965,34,Leve,Mujer
3967,31,Leve,Hombre
3970,16,Leve,Hombre
3970,17,Leve,Hombre
3976,24,Leve,Mujer
3976,0,Leve,Mujer
3978,69,Leve,Hombre
3982,40,Leve,Mujer
3984,41,Leve,Hombre
3985,41,Leve,Hombre
3986,0,Leve,Hombre
3987,0,Leve,Hombre
3988,17,Leve,Hombre
3990,32,Leve,Hombre
4000,28,Leve,Mujer
4006,22,Leve,Hombre
4013,0,Leve,Hombre
4015,23,Leve,Hombre
4016,0,Leve,Hombre
4019,39,Leve,Mujer
4021,6,Leve,Hombre
4024,2,Leve,Hombre
4029,0,Leve,Hombre
4029,18,Leve,Mujer
4031,0,Leve,Hombre
4032,20,Leve,Hombre
4033,34,Leve,Mujer
4035,18,Leve,Mujer
4045,0,Leve,Hombre
4046,20,Leve,Hombre
4049,0,Leve,Hombre
4050,0,Leve,Hombre
4051,0,Leve,Hombre
4051,0,Leve,Mujer
4052,19,Menos Grave,Hombre
4054,30,Leve,Hombre
4061,20,Leve,Hombre
4061,0,Leve,Hombre
4061,20,Leve,Hombre
4061,44,Leve,Hombre
4061,19,Leve,Hombre
4062,32,Leve,Hombre
4064,0,Leve,Hombre
4068,0,Leve,Hombre
4069,29,Leve,Hombre
4085,26,Leve,Hombre
4087,41,Leve,Hombre
4088,38,Leve,Mujer
4088,0,Leve,Hombre
4094,43,Leve,Hombre
4096,26,Leve,Mujer
4111,21,Leve,Hombre
4113,20,Leve,Hombre
4113,19,Leve,Hombre
4116,0,Leve,Hombre
4134,0,Leve,Hombre
4146,22,Leve,Hombre
4151,34,Leve,Mujer
4152,19,Leve,Hombre
4153,0,Leve,Mujer
4153,0,Leve,Mujer
4153,0,Leve,Mujer
4153,0,Leve,Hombre
4153,0,Leve,Hombre
4154,43,Leve,Mujer
4157,39,Leve,Hombre
4166,19,Leve,Mujer
4166,14,Leve,Mujer
4176,35,Leve,Hombre
4177,40,Leve,Hombre
4179,0,Leve,Hombre
4179,24,Leve,Hombre
4184,0,Leve,Mujer
4184,51,Leve,Mujer
4185,0,Leve,Hombre
4187,45,Leve,Hombre
4189,62,Muy Grave,Hombre
4191,16,Leve,Mujer
4191,19,Leve,Hombre
4211,20,Leve,Hombre
4223,20,Leve,Hombre
4225,23,Leve,Hombre
4252,30,Leve,Mujer
4252,29,Leve,Hombre
4257,19,Leve,Hombre
4258,32,Leve,Hombre
4263,18,Leve,Mujer
4275,12,Leve,Hombre
4277,0,Leve,Hombre
4278,44,Leve,Mujer
4278,32,Leve,Hombre
4285,19,Leve,Hombre
4286,0,Leve,Hombre
4288,0,Leve,Hombre
4289,20,Leve,Hombre
4289,0,Leve,Hombre
4290,0,Grave,Hombre
4295,25,Leve,Hombre
4297,0,Leve,Hombre
4299,20,Leve,Hombre
4299,18,Leve,Mujer
4301,28,Leve,Mujer
4304,25,Leve,Hombre
4305,47,Grave,Hombre
4307,18,Leve,Hombre
4310,23,Leve,Hombre
4310,0,Leve,Hombre
4324,62,Leve,Hombre
4327,16,Leve,Hombre
4327,16,Leve,Hombre
4345,0,Leve,Hombre
4346,36,Leve,Hombre
4347,46,Leve,Hombre
4358,37,Leve,Mujer
4358,59,Leve,Hombre
4361,48,Muerto,Hombre
4362,30,Leve,Hombre
4364,53,Leve,Hombre
4364,23,Leve,Mujer
4379,0,Leve,Hombre
4382,79,Leve,Mujer
4392,48,Leve,Mujer
4397,30,Leve,Hombre
4398,36,Leve,Hombre
4402,21,Leve,Mujer
4404,6,Leve,Mujer
4405,0,Muy Grave,Hombre
4411,45,Leve,Hombre
4412,27,Leve,Hombre
4412,37,Leve,Hombre
4424,19,Leve,Hombre
4424,19,Leve,Hombre
4427,8,Menos Grave,Hombre
4428,23,Leve,Hombre
4428,24,Leve,Hombre
4429,0,Leve,Hombre
4429,23,Leve,Hombre
4432,24,Leve,Hombre
4433,19,Leve,Hombre
4435,29,Leve,Hombre
4435,22,Leve,Hombre
4465,34,Leve,Mujer
4465,38,Leve,Hombre
4467,19,Leve,Hombre
4473,19,Leve,Hombre
4473,48,Leve,Mujer
4475,0,Leve,Hombre
4476,51,Leve,Hombre
4477,30,Leve,Mujer
4478,0,Leve,Hombre
4484,0,Leve,Hombre
4489,30,Leve,Hombre
4489,0,Leve,Mujer
4491,18,Leve,Hombre
4500,20,Leve,Hombre
4501,2,Leve,Hombre
4509,18,Leve,Hombre
4511,0,Leve,Hombre
4512,20,Leve,Hombre
4515,0,Leve,Hombre
4515,0,Leve,Hombre
4515,0,Leve,Hombre
4516,63,Leve,Hombre
4522,0,Leve,Hombre
4524,25,Leve,Hombre
4534,75,Leve,Hombre
4535,0,Leve,Hombre
4536,0,Leve,Mujer
4537,49,Leve,Hombre
4539,18,Leve,Hombre
4541,22,Leve,Hombre
4541,0,Leve,Hombre
4542,1,Leve,Hombre
4544,0,Leve,Hombre
4545,0,Leve,Hombre
4547,18,Leve,Hombre
4547,0,Grave,Hombre
4551,32,Leve,Hombre
4558,25,Leve,Hombre
4561,26,Leve,Hombre
4564,22,Leve,Hombre
4565,62,Muerto,Hombre
4566,31,Leve,Hombre
4585,21,Leve,Hombre
4589,36,Leve,Hombre
4592,0,Leve,Hombre
4600,0,Leve,Hombre
4601,19,Leve,Mujer
4602,13,Menos Grave,Hombre
4606,0,Leve,Hombre
4611,0,Leve,Hombre
4616,38,Leve,Mujer
4616,39,Leve,Hombre
4616,42,Leve,Mujer
4616,41,Leve,Hombre
4617,0,Leve,Hombre
4617,0,Leve,Hombre
4620,16,Leve,Hombre
4620,17,Leve,Hombre
4622,22,Leve,Mujer
4622,21,Leve,Mujer
4623,20,Leve,Hombre
4623,20,Leve,Mujer
4631,20,Leve,Mujer
4631,21,Leve,Mujer
4634,53,Leve,Mujer
4646,19,Muerto,Hombre
4663,17,Leve,Hombre
4664,0,Leve,Hombre
4664,19,Leve,Hombre
4666,40,Leve,Hombre
4667,25,Muerto,Hombre
4668,77,Leve,Mujer
4669,0,Leve,Hombre
4671,21,Leve,Hombre
4672,18,Leve,Hombre
4678,2,Leve,Hombre
4678,21,Leve,Mujer
4681,16,Leve,Hombre
4683,0,Leve,Hombre
4684,0,Leve,Hombre
4695,74,Grave,Hombre
4700,28,Leve,Hombre
4703,0,Leve,Hombre
4705,31,Leve,Hombre
4708,39,Leve,Hombre
4710,0,Leve,Hombre
4710,0,Leve,Hombre
4713,0,Leve,Hombre
4717,0,Leve,Hombre
4721,20,Muerto,Hombre
4724,0,Leve,Hombre
4726,39,Leve,Mujer
4726,6,Leve,Hombre
4727,14,Leve,Hombre
4728,23,Leve,Hombre
4728,22,Leve,Mujer
4738,19,Leve,Hombre
4741,0,Leve,Hombre
4741,0,Leve,Mujer
4745,22,Leve,Hombre
4745,26,Leve,Mujer
4746,31,Leve,Hombre
4746,22,Leve,Hombre
4749,16,Leve,Hombre
4752,35,Leve,Hombre
4752,24,Leve,Hombre
4756,49,Leve,Hombre
4758,42,Leve,Hombre
4769,46,Leve,Mujer
4772,35,Leve,Hombre
4772,0,Leve,Hombre
4772,0,Leve,Mujer
4772,43,Leve,Mujer
4772,0,Leve,Mujer
4793,17,Leve,Hombre
4795,0,Leve,Hombre
4795,0,Leve,Hombre
4797,19,Leve,Hombre
4797,18,Leve,Mujer
4807,20,Leve,Mujer
4814,22,Leve,Hombre
4819,19,Leve,Hombre
4819,16,Leve,Mujer
4823,30,Leve,Mujer
4826,39,Leve,Hombre
4827,19,Leve,Hombre
4830,19,Leve,Mujer
4838,22,Leve,Hombre
4841,0,Leve,Hombre
4844,0,Leve,Mujer
4844,0,Leve,Mujer
4847,0,Leve,Hombre
4848,0,Leve,Hombre
4848,22,Leve,Hombre
4849,19,Leve,Mujer
4851,31,Leve,Hombre
4853,0,Leve,Hombre
4853,18,Leve,Hombre
4856,21,Leve,Hombre
4859,20,Leve,Hombre
4861,0,Leve,Mujer
4861,0,Leve,Hombre
4861,21,Leve,Mujer
4867,57,Leve,Hombre
4868,64,Leve,Hombre
4875,25,Leve,Mujer
4875,31,Leve,Mujer
4876,44,Leve,Mujer
4877,28,Leve,Hombre
4879,48,Leve,Hombre
4880,0,Leve,Hombre
4880,0,Leve,Hombre
4881,0,Leve,Hombre
4884,64,Grave,Mujer
4885,19,Leve,Hombre
4885,19,Leve,Hombre
4888,0,Leve,Hombre
4889,19,Leve,Hombre
4891,27,Leve,Mujer
4893,49,Leve,Mujer
4894,64,Leve,Hombre
4894,31,Leve,Hombre
4895,33,Leve,Hombre
4898,14,Leve,Hombre
4899,28,Leve,Mujer
4903,16,Leve,Hombre
4904,38,Leve,Hombre
4908,19,Leve,Hombre
4909,20,Leve,Hombre
4910,16,Leve,Hombre
4910,0,Leve,Hombre
4911,0,Leve,Hombre
4912,0,Leve,Hombre
4919,50,Menos Grave,Mujer
4919,21,Leve,Mujer
4920,0,Leve,Hombre
4928,54,Leve,Hombre
4929,36,Leve,Mujer
4939,21,Leve,Hombre
4939,19,Leve,Mujer
4941,24,Leve,Hombre
4944,54,Leve,Hombre
4950,31,Leve,Hombre
4951,11,Leve,Hombre
4952,57,Leve,Hombre
4954,19,Leve,Hombre
4955,19,Leve,Hombre
4957,0,Leve,Hombre
4957,24,Leve,Mujer
4959,51,Menos Grave,Hombre
4961,23,Leve,Hombre
4961,17,Leve,Mujer
4961,19,Leve,Hombre
4963,37,Leve,Mujer
4964,17,Leve,Hombre
4965,38,Leve,Hombre
4965,20,Leve,Hombre
4966,20,Leve,Hombre
4968,2,Leve,Hombre
4968,32,Leve,Mujer
4968,40,Leve,Mujer
4970,26,Leve,Hombre
4971,15,Leve,Hombre
4982,49,Leve,Hombre
4987,26,Leve,Hombre
4987,26,Leve,Hombre
4993,32,Leve,Hombre
4996,40,Leve,Hombre
4999,17,Leve,Hombre
5004,0,Leve,Hombre
5004,0,Leve,Mujer
5007,16,Leve,Hombre
5007,49,Leve,Hombre
5008,25,Leve,Hombre
5011,69,Leve,Hombre
5012,35,Leve,Hombre
5012,22,Leve,Hombre
5012,41,Leve,Hombre
5015,19,Leve,Hombre
5016,22,Leve,Mujer
5018,30,Grave,Hombre
5022,0,Leve,Hombre
5023,0,Leve,Hombre
5024,18,Leve,Mujer
5025,19,Leve,Mujer
5026,32,Leve,Hombre
5046,0,Leve,Hombre
5077,46,Leve,Hombre
5077,0,Leve,Mujer
5079,24,Leve,Mujer
5079,0,Menos Grave,Mujer
5085,28,Leve,Hombre
5091,36,Leve,Hombre
5093,6,Leve,Mujer
5095,30,Leve,Hombre
5105,0,Leve,Hombre
5107,0,Leve,Hombre
5107,0,Leve,Hombre
5107,0,Leve,Hombre
5109,19,Leve,Hombre
5111,16,Leve,Hombre
5111,24,Leve,Mujer
5114,0,Leve,Hombre
5115,0,Leve,Mujer
5115,0,Leve,Hombre
5124,30,Leve,Hombre
5124,23,Leve,Mujer
5126,19,Leve,Hombre
5126,21,Leve,Hombre
5127,0,Leve,Hombre
5127,51,Leve,Mujer
5128,20,Leve,Hombre
5129,22,Leve,Hombre
5132,27,Leve,Hombre
5135,81,Leve,Mujer
5135,55,Leve,Mujer
5144,41,Leve,Mujer
5147,20,Leve,Hombre
5148,37,Leve,Hombre
5152,0,Leve,Hombre
5152,0,Leve,Hombre
5157,36,Leve,Hombre
5158,35,Leve,Hombre
5160,40,Leve,Mujer
5163,22,Leve,Mujer
5168,54,Leve,Hombre
5169,36,Leve,Hombre
5183,26,Leve,Hombre
5186,31,Leve,Hombre
5186,22,Leve,Hombre
5198,18,Leve,Hombre
5199,40,Leve,Hombre
5203,20,Leve,Hombre
5208,0,Leve,Hombre
5208,29,Leve,Hombre
5209,19,Leve,Hombre
5211,17,Leve,Mujer
5211,38,Leve,Hombre
5215,21,Leve,Hombre
5224,0,Leve,Hombre
5227,29,Leve,Hombre
5233,33,Leve,Hombre
5234,0,Leve,Hombre
5237,16,Leve,Hombre
5239,21,Leve,Hombre
5244,21,Leve,Mujer
5244,30,Leve,Mujer
5245,34,Leve,Mujer
5245,26,Leve,Hombre
5245,0,Leve,Mujer
5250,28,Leve,Hombre
5254,53,Leve,Hombre
5265,28,Leve,Hombre
5268,0,Leve,Hombre
5270,14,Leve,Hombre
5270,16,Muerto,Hombre
5270,26,Leve,Hombre
5273,26,Leve,Mujer
5274,24,Leve,Hombre
5275,29,Leve,Hombre
5296,18,Leve,Hombre
5297,34,Grave,Hombre
5298,7,Leve,Mujer
5299,37,Leve,Hombre
5305,20,Leve,Hombre
5305,0,Leve,Hombre
5307,0,Leve,Mujer
5308,20,Leve,Hombre
5308,27,Leve,Hombre
5309,17,Leve,Hombre
5309,15,Leve,Hombre
5312,13,Leve,Mujer
5313,21,Leve,Hombre
5314,19,Leve,Hombre
5316,19,Leve,Hombre
5320,16,Leve,Hombre
5323,35,Leve,Hombre
5324,18,Leve,Hombre
5324,25,Leve,Hombre
5327,29,Leve,Hombre
5337,0,Leve,Hombre
5337,18,Leve,Hombre
5338,18,Leve,Hombre
5339,51,Leve,Hombre
5339,42,Leve,Hombre
5361,0,Leve,Hombre
5362,19,Leve,Hombre
5367,58,Leve,Hombre
5378,0,Leve,Hombre
5381,24,Leve,Hombre
5382,21,Leve,Hombre
5387,0,Leve,Hombre
5388,29,Leve,Hombre
5389,24,Leve,Hombre
5399,18,Leve,Hombre
5400,0,Leve,Hombre
5401,18,Leve,Hombre
5402,23,Leve,Hombre
5405,20,Leve,Hombre
5406,8,Leve,Hombre
5413,0,Grave,Hombre
5415,26,Leve,Mujer
5415,7,Leve,Mujer
5416,0,Leve,Hombre
5417,30,Leve,Mujer
5419,42,Leve,Mujer
5420,27,Leve,Mujer
5425,35,Grave,Hombre
5425,0,Menos Grave,Mujer
5426,0,Leve,Hombre
5429,43,Leve,Hombre
5430,27,Leve,Hombre
5430,23,Leve,Mujer
5435,82,Leve,Mujer
5435,0,Leve,Mujer
5435,34,Leve,Mujer
5435,38,Leve,Hombre
5435,0,Leve,Mujer
5436,37,Leve,Mujer
5436,0,Leve,Mujer
5437,62,Leve,Mujer
5437,71,Leve,Hombre
5440,0,Leve,Hombre
5440,0,Leve,Hombre
5440,22,Leve,Hombre
5444,72,Menos Grave,Hombre
5448,0,Leve,Hombre
5451,0,Leve,Hombre
5452,17,Leve,Hombre
5452,17,Leve,Hombre
5464,45,Leve,Hombre
5474,19,Leve,Mujer
5477,0,Leve,Mujer
5479,25,Leve,Mujer
5479,23,Leve,Mujer
5479,39,Leve,Mujer
5481,72,Muy Grave,Hombre
5483,34,Leve,Hombre
5496,0,Grave,Mujer
5504,0,Leve,Hombre
5505,0,Leve,Hombre
5506,23,Leve,Hombre
5527,30,Leve,Hombre
5528,21,Leve,Hombre
5529,17,Leve,Hombre
5529,17,Leve,Hombre
5531,20,Leve,Hombre
5532,0,Leve,Hombre
5533,20,Leve,Hombre
5534,20,Leve,Mujer
5534,20,Leve,Hombre
5537,26,Leve,Hombre
5537,28,Leve,Hombre
5538,15,Leve,Hombre
5543,30,Leve,Hombre
5543,32,Grave,Hombre
5548,27,Leve,Hombre
5548,35,Leve,Hombre
5550,24,Leve,Hombre
5553,18,Leve,Hombre
5554,18,Leve,Hombre
5554,26,Leve,Hombre
5554,18,Leve,Hombre
5557,0,Leve,Hombre
5559,73,Leve,Hombre
5559,15,Leve,Hombre
5561,0,Leve,Hombre
5563,19,Leve,Mujer
5564,0,Leve,Hombre
5565,24,Menos Grave,Hombre
5571,24,Leve,Hombre
5573,24,Leve,Hombre
5573,0,Leve,Hombre
5573,0,Leve,Hombre
5573,0,Leve,Hombre
5575,27,Leve,Hombre
5583,0,Leve,Hombre
5587,48,Leve,Hombre
5590,22,Muerto,Hombre
5590,3,Leve,Hombre
5592,23,Grave,Hombre
5594,33,Leve,Mujer
5600,66,Leve,Hombre
5603,37,Leve,Hombre
5603,60,Leve,Mujer
5604,19,Leve,Hombre
5604,57,Leve,Hombre
5615,11,Leve,Hombre
5619,12,Leve,Hombre
5623,22,Leve,Mujer
5624,27,Leve,Hombre
5624,20,Leve,Hombre
5625,22,Leve,Hombre
5625,20,Leve,Hombre
5626,0,Leve,Mujer
5626,0,Leve,Mujer
5626,21,Leve,Mujer
5626,21,Leve,Mujer
5626,21,Leve,Mujer
5640,68,Leve,Mujer
5641,20,Leve,Hombre
5642,52,Leve,Hombre
5656,0,Leve,Hombre
5657,0,Leve,Mujer
5665,0,Leve,Hombre
5667,65,Leve,Mujer
5667,0,Leve,Mujer
5671,33,Leve,Hombre
5678,42,Leve,Hombre
5678,20,Leve,Mujer
5678,27,Leve,Hombre
5678,24,Leve,Hombre
5686,17,Leve,Hombre
5689,20,Leve,Mujer
5691,61,Leve,Mujer
5694,0,Leve,Hombre
5695,21,Leve,Mujer
5698,22,Leve,Hombre
5698,0,Leve,Hombre
5700,16,Grave,Mujer
5700,0,Menos Grave,Hombre
5701,21,Leve,Hombre
5711,25,Leve,Hombre
5716,5,Leve,Mujer
5721,31,Leve,Hombre
5721,30,Leve,Hombre
5721,28,Leve,Hombre
5731,18,Leve,Hombre
5732,38,Leve,Mujer
5733,56,Menos Grave,Hombre
5734,52,Leve,Hombre
5737,34,Leve,Hombre
5748,15,Leve,Hombre
5748,17,Leve,Hombre
5751,0,Leve,Hombre
5751,33,Leve,Mujer
5754,14,Leve,Mujer
5754,19,Leve,Hombre
5757,32,Leve,Hombre
5757,32,Leve,Hombre
5758,32,Leve,Hombre
5759,0,Leve,Hombre
5761,23,Leve,Hombre
5766,20,Leve,Hombre
5770,27,Leve,Hombre
5772,59,Leve,Hombre
5774,17,Leve,Hombre
5774,19,Leve,Hombre
5775,66,Menos Grave,Hombre
5775,0,Leve,Mujer
5775,0,Leve,Hombre
5775,0,Leve,Mujer
5775,0,Leve,Mujer
5775,0,Leve,Hombre
5775,0,Leve,Hombre
5781,0,Leve,Hombre
5783,0,Leve,Hombre
5791,0,Leve,Hombre
5796,25,Leve,Hombre
5800,28,Leve,Mujer
5800,40,Leve,Mujer
5801,21,Leve,Hombre
5814,24,Leve,Hombre
5815,10,Leve,Hombre
5825,18,Leve,Hombre
5825,20,Leve,Hombre
5827,29,Leve,Hombre
5827,0,Leve,Hombre
5829,41,Leve,Mujer
5830,0,Leve,Hombre
5833,14,Menos Grave,Hombre
5836,6,Grave,Hombre
5838,74,Leve,Hombre
5844,0,Leve,Mujer
5844,0,Leve,Hombre
5844,28,Leve,Hombre
5845,63,Leve,Hombre
5850,24,Leve,Hombre
5850,21,Leve,Mujer
5858,63,Leve,Hombre
5859,0,Leve,Hombre
5859,67,Leve,Hombre
5864,22,Leve,Hombre
5869,25,Leve,Hombre
5874,0,Leve,Hombre
5875,17,Leve,Mujer
5877,0,Leve,Hombre
5879,32,Leve,Hombre
5880,33,Leve,Mujer
5880,27,Leve,Mujer
5883,57,Leve,Hombre
5884,18,Leve,Hombre
5885,0,Leve,Hombre
5887,73,Leve,Mujer
5887,23,Leve,Mujer
5891,0,Leve,Hombre
5903,53,Leve,Mujer
5904,21,Leve,Hombre
5906,32,Leve,Mujer
5907,34,Leve,Hombre
5907,24,Leve,Hombre
5907,43,Leve,Mujer
5908,0,Leve,Mujer
5909,26,Leve,Hombre
5918,21,Leve,Mujer
5922,43,Leve,Mujer
5923,20,Leve,Hombre
5924,21,Grave,Hombre
5938,0,Leve,Hombre
5941,0,Leve,Hombre
5943,36,Leve,Hombre
5943,0,Leve,Mujer
5953,76,Leve,Mujer
5954,10,Leve,Hombre
5958,0,Leve,Hombre
5960,0,Leve,Mujer
5962,15,Leve,Mujer
5965,53,Leve,Hombre
5966,18,Leve,Hombre
5969,66,Leve,Hombre
5969,63,Leve,Hombre
5969,62,Muerto,Hombre
5969,56,Leve,Mujer
5969,23,Leve,Mujer
5970,24,Leve,Hombre
5972,0,Leve,Hombre
5972,24,Leve,Hombre
5974,0,Leve,Hombre
5974,0,Leve,Mujer
5977,15,Leve,Mujer
5978,51,Leve,Mujer
5978,21,Leve,Hombre
5979,19,Leve,Hombre
5983,21,Leve,Mujer
5984,0,Leve,Hombre
5985,0,Leve,Hombre
5985,0,Leve,Hombre
5990,21,Leve,Hombre
5996,35,Leve,Mujer
6001,30,Muy Grave,Hombre
6003,0,Leve,Hombre
6005,0,Leve,Hombre
6006,0,Leve,Mujer
6028,27,Leve,Mujer
6034,37,Grave,Mujer
6038,21,Leve,Hombre
6041,56,Leve,Hombre
6056,31,Leve,Hombre
6056,28,Leve,Hombre
6060,0,Leve,Mujer
6079,0,Leve,Hombre
6081,59,Leve,Mujer
6081,5,Leve,Mujer
6081,40,Leve,Hombre
6081,63,Leve,Hombre
6081,34,Leve,Mujer
6081,45,Leve,Mujer
6083,85,Leve,Mujer
6084,0,Leve,Hombre
6087,0,Leve,Hombre
6089,20,Leve,Hombre
6089,25,Leve,Hombre
6090,27,Grave,Hombre
6095,0,Leve,Mujer
6095,0,Leve,Mujer
6096,0,Leve,Hombre
6097,18,Leve,Hombre
6098,21,Leve,Hombre
6104,43,Grave,Hombre
6109,0,Leve,Hombre
6110,15,Leve,Mujer
6110,0,Leve,Hombre
6111,24,Leve,Hombre
6111,0,Leve,Mujer
6113,0,Leve,Hombre
6113,27,Leve,Hombre
6113,25,Leve,Hombre
6113,0,Leve,Hombre
6113,0,Leve,Mujer
6113,0,Leve,Hombre
6113,29,Muy Grave,Hombre
6113,25,Leve,Hombre
6113,0,Leve,Mujer
6113,0,Leve,Hombre
6114,24,Leve,Hombre
6117,46,Leve,Mujer
6119,19,Leve,Hombre
6125,0,Leve,Hombre
6127,18,Leve,Hombre
6128,21,Leve,Hombre
6129,17,Leve,Hombre
6131,0,Leve,Hombre
6136,0,Leve,Hombre
6136,0,Leve,Hombre
6141,25,Leve,Mujer
6144,0,Leve,Hombre
6144,0,Leve,Hombre
6145,43,Leve,Mujer
6145,50,Leve,Hombre
6149,26,Leve,Hombre
6157,4,Leve,Mujer
6160,19,Leve,Hombre
6165,19,Leve,Hombre
6167,0,Leve,Mujer
6167,0,Leve,Mujer
6167,63,Leve,Hombre
6186,27,Leve,Hombre
6188,13,Leve,Hombre
6192,43,Leve,Hombre
6192,0,Leve,Hombre
6193,0,Leve,Hombre
6195,18,Leve,Hombre
6196,9,Leve,Hombre
6201,0,Leve,Hombre
6204,23,Leve,Hombre
6204,0,Leve,Mujer
6205,0,Leve,Hombre
6205,0,Leve,Hombre
6205,0,Leve,Hombre
6205,0,Leve,Hombre
6208,38,Leve,Mujer
6209,16,Leve,Hombre
6209,18,Leve,Hombre
6210,0,Leve,Hombre
6212,57,Leve,Mujer
6218,25,Leve,Hombre
6224,19,Leve,Hombre
6235,16,Leve,Hombre
6236,33,Leve,Hombre
6241,25,Leve,Mujer
6241,25,Leve,Mujer
6244,22,Leve,Hombre
6244,0,Leve,Hombre
6245,9,Leve,Hombre
6249,12,Grave,Hombre
6250,0,Leve,Hombre
6257,25,Leve,Hombre
6262,21,Leve,Mujer
6262,21,Leve,Mujer
6265,43,Leve,Hombre
6272,51,Leve,Hombre
6274,43,Leve,Hombre
6274,38,Leve,Hombre
6277,0,Leve,Hombre
6278,0,Leve,Hombre
6280,22,Leve,Hombre
6281,21,Leve,Hombre
6285,19,Leve,Hombre
6300,0,Leve,Hombre
6302,21,Leve,Mujer
6304,23,Leve,Hombre
6304,27,Leve,Hombre
6306,25,Leve,Hombre
6307,22,Leve,Hombre
6309,27,Leve,Mujer
6309,53,Leve,Mujer
6312,31,Leve,Hombre
6319,0,Leve,Hombre
6322,6,Leve,Hombre
6326,18,Leve,Hombre
6326,18,Leve,Hombre
6326,18,Leve,Hombre
6326,0,Leve,Hombre
6333,30,Leve,Hombre
6335,11,Grave,Hombre
6336,17,Leve,Mujer
6336,17,Grave,Hombre
6341,20,Leve,Hombre
6343,14,Leve,Mujer
6345,40,Leve,Mujer
6347,20,Leve,Hombre
6348,0,Leve,Hombre
6348,63,Leve,Mujer
6349,0,Leve,Hombre
6350,20,Leve,Mujer
6351,24,Leve,Hombre
6351,47,Leve,Mujer
6352,43,Leve,Hombre
6367,17,Leve,Hombre
6369,0,Leve,Hombre
6371,19,Leve,Mujer
6376,21,Leve,Hombre
6384,50,Leve,Mujer
6384,15,Leve,Mujer
6384,48,Leve,Mujer
6386,18,Leve,Hombre
6387,0,Leve,Hombre
6388,23,Leve,Hombre
6390,0,Leve,Hombre
6390,0,Leve,Hombre
6392,19,Leve,Hombre
6393,26,Leve,Hombre
6393,37,Leve,Hombre
6394,0,Leve,Mujer
6403,0,Leve,Hombre
6404,24,Leve,Hombre
6404,21,Leve,Mujer
6405,32,Leve,Hombre
6405,33,Leve,Mujer
6406,28,Leve,Hombre
6408,2,Leve,Mujer
6408,7,Leve,Mujer
6408,57,Leve,Hombre
6408,56,Leve,Mujer
6409,45,Leve,Hombre
6409,45,Leve,Mujer
6413,36,Leve,Hombre
6414,46,Leve,Mujer
6419,0,Leve,Hombre
6419,37,Leve,Hombre
6420,30,Leve,Hombre
6420,64,Leve,Mujer
6423,0,Leve,Hombre
6424,18,Leve,Hombre
6435,21,Leve,Hombre
6436,47,Leve,Hombre
6441,14,Leve,Hombre
6443,35,Leve,Hombre
6445,0,Leve,Hombre
6452,0,Leve,Mujer
6452,0,Leve,Hombre
6453,20,Leve,Hombre
6456,23,Leve,Mujer
6457,19,Leve,Hombre
6457,21,Leve,Hombre
6460,42,Leve,Mujer
6464,1,Leve,Mujer
6468,0,Leve,Hombre
6469,21,Leve,Hombre
6473,0,Leve,Hombre
6477,0,Leve,Mujer
6478,46,Grave,Hombre
6494,25,Leve,Hombre
6494,0,Leve,Hombre
6505,26,Leve,Hombre
6505,0,Leve,Hombre
6507,17,Grave,Hombre
6508,19,Leve,Hombre
6510,0,Leve,Mujer
6511,19,Leve,Hombre
6512,39,Leve,Hombre
6513,54,Leve,Mujer
6514,57,Leve,Hombre
6516,20,Leve,Hombre
6521,23,Leve,Hombre
6522,21,Leve,Hombre
6523,86,Leve,Mujer
6540,30,Leve,Hombre
6541,19,Leve,Mujer
6544,18,Leve,Hombre
6548,51,Leve,Mujer
6556,0,Leve,Hombre
6556,0,Leve,Hombre
6558,23,Leve,Hombre
6568,0,Leve,Hombre
6568,0,Leve,Hombre
6569,44,Leve,Hombre
6571,17,Leve,Hombre
6572,45,Leve,Hombre
6575,74,Muerto,Hombre
6576,9,Grave,Hombre
6577,44,Leve,Hombre
6577,28,Leve,Hombre
6580,18,Grave,Hombre
6582,83,Muy Grave,Hombre
6585,24,Leve,Hombre
6585,22,Leve,Hombre
6586,18,Leve,Hombre
6590,19,Leve,Hombre
6590,23,Leve,Hombre
6592,24,Leve,Hombre
6594,0,Leve,Hombre
6595,26,Leve,Hombre
6599,24,Leve,Hombre
6604,18,Leve,Hombre
6604,18,Leve,Hombre
6606,19,Leve,Mujer
6606,50,Leve,Hombre
6606,0,Leve,Hombre
6606,46,Leve,Mujer
6609,48,Leve,Hombre
6609,25,Menos Grave,Hombre
6614,36,Grave,Hombre
6615,35,Grave,Hombre
6615,27,Leve,Hombre
6624,20,Leve,Hombre
6630,0,Leve,Hombre
6631,0,Leve,Mujer
6631,20,Leve,Mujer
6636,24,Leve,Hombre
6636,22,Leve,Hombre
6639,36,Leve,Hombre
6642,71,Grave,Hombre
6651,0,Leve,Hombre
6658,16,Leve,Mujer
6659,84,Leve,Mujer
6664,24,Leve,Hombre
6664,29,Leve,Mujer
6666,26,Leve,Hombre
6668,21,Leve,Hombre
6669,12,Grave,Hombre
6677,13,Leve,Hombre
6678,19,Leve,Hombre
6690,0,Leve,Hombre
6691,12,Leve,Mujer
6696,26,Leve,Mujer
6696,26,Leve,Mujer
6699,58,Leve,Mujer
6702,21,Leve,Mujer
6703,0,Leve,Mujer
6705,41,Leve,Hombre
6707,20,Leve,Hombre
6707,14,Leve,Hombre
6709,17,Leve,Hombre
6709,15,Leve,Mujer
6713,47,Muy Grave,Hombre
6714,0,Leve,Mujer
6714,53,Leve,Mujer
6718,36,Leve,Hombre
6720,10,Leve,Mujer
6723,17,Leve,Mujer
6730,0,Leve,Hombre
6733,26,Leve,Hombre
6733,22,Leve,Mujer
6736,57,Leve,Hombre
6737,61,Leve,Hombre
6739,22,Leve,Hombre
6741,0,Leve,Hombre
6741,27,Leve,Hombre
6741,22,Leve,Hombre
6742,51,Leve,Mujer
6743,0,Leve,Mujer
6747,0,Leve,Hombre
6748,19,Leve,Mujer
6750,0,Leve,Mujer
6754,18,Leve,Hombre
6755,0,Leve,Mujer
6766,21,Leve,Hombre
6768,32,Leve,Hombre
6769,31,Leve,Hombre
6772,17,Leve,Mujer
6773,0,Grave,Mujer
6778,0,Leve,Hombre
6778,39,Leve,Hombre
6778,0,Leve,Hombre
6780,20,Leve,Hombre
6782,0,Leve,Mujer
6792,0,Leve,Hombre
6798,24,Leve,Hombre
6799,48,Leve,Hombre
6800,18,Leve,Mujer
6803,33,Leve,Mujer
6803,33,Leve,Hombre
6804,19,Leve,Hombre
6806,22,Leve,Hombre
6808,9,Grave,Mujer
6809,22,Menos Grave,Hombre
6810,43,Leve,Hombre
6812,0,Leve,Mujer
6812,16,Leve,Hombre
6820,42,Leve,Hombre
6822,26,Leve,Hombre
6832,19,Leve,Hombre
6834,20,Leve,Hombre
6836,39,Leve,Mujer
6839,39,Grave,Mujer
6839,44,Leve,Hombre
6840,0,Leve,Mujer
6842,0,Leve,Hombre
6843,0,Leve,Mujer
6846,14,Leve,Mujer
6847,17,Leve,Hombre
6847,14,Leve,Hombre
6849,0,Leve,Mujer
6852,24,Menos Grave,Mujer
6854,22,Leve,Hombre
6854,0,Leve,Hombre
6855,0,Leve,Hombre
6862,0,Leve,Hombre
6863,0,Leve,Hombre
6863,0,Leve,Hombre
6864,29,Leve,Hombre
6871,62,Leve,Hombre
6873,19,Leve,Hombre
6875,50,Leve,Mujer
6876,18,Leve,Mujer
6876,18,Leve,Mujer
6881,29,Leve,Hombre
6883,21,Leve,Hombre
6895,72,Leve,Hombre
6896,0,Leve,Mujer
6896,25,Leve,Hombre
6899,46,Leve,Hombre
6900,0,Leve,Mujer
6900,52,Leve,Hombre
6900,0,Leve,Hombre
6910,0,Leve,Hombre
6911,19,Leve,Hombre
6917,31,Leve,Mujer
6917,26,Leve,Mujer
6917,83,Leve,Hombre
6917,50,Grave,Mujer
6917,21,Leve,Mujer
6918,0,Leve,Hombre
6918,19,Leve,Mujer
6924,37,Leve,Hombre
6930,76,Leve,Mujer
6931,55,Leve,Hombre
6932,62,Leve,Hombre
6932,63,Leve,Mujer
6932,28,Leve,Mujer
6933,0,Leve,Mujer
6933,0,Leve,Mujer
6934,62,Leve,Hombre
6934,22,Leve,Hombre
6959,0,Leve,Hombre
6963,0,Leve,Hombre
6964,0,Leve,Hombre
6964,27,Leve,Hombre
6967,39,Leve,Hombre
6970,0,Leve,Hombre
6970,0,Leve,Hombre
6972,23,Leve,Hombre
6977,20,Leve,Hombre
6981,0,Leve,Hombre
6982,27,Leve,Hombre
6983,36,Leve,Mujer
6983,25,Leve,Mujer
6986,0,Leve,Hombre
6992,22,Leve,Mujer
6996,28,Leve,Hombre
7001,66,Leve,Mujer
7002,25,Leve,Hombre
7007,30,Leve,Mujer
7009,17,Leve,Mujer
7009,19,Leve,Mujer
7012,30,Leve,Mujer
7013,17,Leve,Mujer
7015,27,Leve,Hombre
7027,21,Leve,Hombre
7027,19,Leve,Mujer
7028,16,Leve,Hombre
7029,19,Leve,Hombre
7029,19,Leve,Hombre
7035,25,Leve,Hombre
7043,0,Leve,Hombre
7044,30,Leve,Mujer
7044,63,Leve,Mujer
7044,22,Leve,Hombre
7046,0,Leve,Mujer
7047,32,Leve,Hombre
7052,0,Leve,Hombre
7053,0,Leve,Mujer
7059,27,Leve,Mujer
7063,65,Leve,Hombre
7069,0,Leve,Mujer
7071,18,Leve,Hombre
7080,30,Leve,Hombre
7082,15,Leve,Hombre
7082,16,Leve,Hombre
7086,15,Leve,Hombre
7092,22,Leve,Mujer
7096,29,Leve,Mujer
7096,33,Leve,Mujer
7096,64,Leve,Mujer
7096,33,Leve,Mujer
7096,70,Leve,Mujer
7096,28,Leve,Mujer
7101,54,Leve,Hombre
7105,23,Leve,Hombre
7108,20,Leve,Hombre
7110,0,Leve,Hombre
7113,36,Leve,Hombre
7116,36,Leve,Hombre
7119,0,Leve,Hombre
7120,29,Leve,Hombre
7120,34,Leve,Mujer
7121,17,Leve,Hombre
7123,4,Leve,Hombre
7127,39,Leve,Mujer
7134,30,Leve,Hombre
7136,0,Leve,Hombre
7141,0,Leve,Hombre
7142,21,Leve,Hombre
7142,21,Leve,Hombre
7145,36,Leve,Hombre
7148,44,Leve,Mujer
7152,36,Leve,Hombre
7154,0,Leve,Hombre
7157,0,Leve,Hombre
7160,27,Leve,Mujer
7160,0,Leve,Hombre
7169,0,Leve,Hombre
774,26,Grave,Mujer
529,11,Grave,Hombre
